"name","coefficient"
"(Intercept)",-1.51188319612451
"ENSG00000073792",-0.0580119966373061
"ENSG00000085831",0.0527602011981518
"ENSG00000160180",0.00971379088523967
