"name","coefficient"
"(Intercept)",-1.42822381775353
"ENSG00000164187",0.0401070887623758
