"name","coefficient"
"(Intercept)",-1.42632481087326
"ENSG00000144550",0.0204732925753239
"ENSG00000131473",0.0346370566482412
"ENSG00000175115",-0.00168700859678727
