"name","coefficient"
"(Intercept)",-1.32901737669123
"ENSG00000189091",-0.0332663127646932
