"name","coefficient"
"(Intercept)",-0.676162458614843
"ENSG00000165215",0.0329128510649727
"ENSG00000167183",0.040457936662706
