"name","coefficient"
"(Intercept)",-1.25453883867679
"ENSG00000153246",0.0431992759196833
"ENSG00000229807",0.0600591289405617
