"name","coefficient"
"(Intercept)",-1.61324001699007
"ENSG00000073792",-0.0168581558101198
"ENSG00000085831",0.0124328296750934
"ENSG00000140931",-0.00443938192621025
