"name","coefficient"
"(Intercept)",-1.20412028867631
"ENSG00000112039",-0.023481358635621
