"name","coefficient"
"(Intercept)",-0.685094241943063
"ENSG00000122692",0.0531898381276059
