"name","coefficient"
"(Intercept)",-1.222992969755
"ENSG00000075856",-0.060772110600081
