"name","coefficient"
"(Intercept)",-0.671058208400906
"ENSG00000142871",-0.0121006664809822
"ENSG00000184613",0.0148130359927665
