"name","coefficient"
"(Intercept)",-0.671790092734487
"ENSG00000140350",0.0129015742902539
"ENSG00000142871",-0.0370125389625157
"ENSG00000184613",0.04013556071078
