"name","coefficient"
"(Intercept)",-1.44455661882598
"ENSG00000166923",0.0142228179856773
"ENSG00000107562",5.70749413981347e-05
"ENSG00000108561",-0.040084379703886
